t_start,t_end,residual,err,iter_mean,iter_range,iter_max_index,iter_min_index,iter_std,iter_var,time_to_solution
0.0,0.125,2.437550947639385e-09,2.3220558947410086e-06,5.0,0,0,0,0.0,0.0,0.23746353999740677
0.125,0.25,6.501065879323597e-09,4.924337872106887e-06,5.0,0,0,0,0.0,0.0,0.22520850200089626
0.25,0.375,1.1670380370577381e-08,8.049326945896465e-06,5.0,0,0,0,0.0,0.0,0.22539587000210304
0.375,0.5,1.6657798958634863e-08,1.1567254531712618e-05,5.0,0,0,0,0.0,0.0,0.2239992329996312
0.5,0.625,2.13852703354438e-08,1.5628624408414253e-05,5.0,0,0,0,0.0,0.0,0.23645134099933784
0.625,0.75,2.5779031550419686e-08,2.0513180092953654e-05,5.0,0,0,0,0.0,0.0,0.2369049660046585
0.75,0.875,2.977051957253559e-08,2.670193109781555e-05,5.0,0,0,0,0.0,0.0,0.23689491099503357
0.875,1.0,3.3297448594191344e-08,3.5090009143003294e-05,5.0,0,0,0,0.0,0.0,0.2204387109959498
