t_start,t_end,residual,err,iter_mean,iter_range,iter_max_index,iter_min_index,iter_std,iter_var,time_to_solution
0.0,0.25,9.172178447124072e-08,4.4476502527641135e-05,5.0,0,0,0,0.0,0.0,0.2551331300055608
0.25,0.5,2.846182577085812e-07,7.511445698756944e-05,5.0,0,0,0,0.0,0.0,0.23386300000129268
0.5,0.75,4.598230336670023e-07,0.00011553379952877006,5.0,0,0,0,0.0,0.0,0.2282727130004787
0.75,1.0,6.06438509147337e-07,0.00018118815797395785,5.0,0,0,0,0.0,0.0,0.22540354400553042
