timesteps,final_residual,final_error
4,1.4329364951502046e-08,6.851456343935661e-05
8,5.007299976568812e-10,2.324987641590206e-06
16,1.47021783948631e-11,7.084340465000153e-08
32,3.8364519055840195e-13,1.9663635226130964e-09
64,9.946063033619046e-13,2.7814072210848536e-11
128,2.9253511114101744e-14,4.97781644018851e-13
256,7.034485358280634e-16,1.35203782338842e-13
512,1.750413576854633e-17,1.4156918170843757e-13
