timesteps,final_residual,final_error
4,1.0210851377922932e-07,1.834920561367376e-05
8,3.1182969463421082e-09,5.69577688314728e-07
16,8.649089294740404e-11,1.6473828452866014e-08
32,2.25410856486881e-12,4.471182500993081e-10
64,5.480170836136444e-14,1.1991256997690826e-11
128,1.208261922874012e-15,3.437349451370921e-13
256,1.562318837094098e-16,1.2461745540431468e-13
512,7.377011668611043e-18,1.23804522058641e-13
