t_start,t_end,residual,err,iter_mean,iter_range,iter_max_index,iter_min_index,iter_std,iter_var,time_to_solution
0.0,0.25,2.3672498771389846e-07,8.606095101730679e-05,5.0,0,0,0,0.0,0.0,0.10341027600225061
0.25,0.5,5.77696507650624e-07,0.00022685614175044707,5.0,0,0,0,0.0,0.0,0.10141100900364108
0.5,0.75,8.82876817704529e-07,0.00040938778519380943,5.0,0,0,0,0.0,0.0,0.09731699399708305
0.75,1.0,1.1331544210936773e-06,0.0007062718564617215,5.0,0,0,0,0.0,0.0,0.09367380700132344
