t_start,t_end,residual,err,iter_mean,iter_range,iter_max_index,iter_min_index,iter_std,iter_var,time_to_solution
0.0,0.125,2.117504203081241e-08,1.0511892581652844e-05,5.0,0,0,0,0.0,0.0,0.09721832300419919
0.125,0.25,5.262758157303052e-08,2.6953263446158817e-05,5.0,0,0,0,0.0,0.0,0.0960128340011579
0.25,0.375,8.326682323118951e-08,4.483353982681556e-05,5.0,0,0,0,0.0,0.0,0.08929175700177439
0.375,0.5,1.1260708816357864e-07,6.460059906315368e-05,5.0,0,0,0,0.0,0.0,0.09241102300438797
0.5,0.625,1.4019017561167234e-07,8.728660909681973e-05,5.0,0,0,0,0.0,0.0,0.09808727700146846
0.625,0.75,1.6558564317117693e-07,0.00011449845049625181,5.0,0,0,0,0.0,0.0,0.10881559299741639
0.75,0.875,1.883972022009221e-07,0.00014892736215449794,5.0,0,0,0,0.0,0.0,0.09722860799956834
0.875,1.0,2.0826888589524437e-07,0.0001955529946555699,5.0,0,0,0,0.0,0.0,0.10011463500268292
