t_start,t_end,residual,err,iter_mean,iter_range,iter_max_index,iter_min_index,iter_std,iter_var,time_to_solution
0.0,0.25,0.0038269940196511377,0.01197381216118829,1.0,0,0,0,0.0,0.0,0.025232490999769652
0.25,0.5,0.0036372243439758405,0.033413293936335464,1.0,0,0,0,0.0,0.0,0.022774772999582638
0.5,0.75,0.0032304072286456586,0.06262777539997774,1.0,0,0,0,0.0,0.0,0.01652542000010726
0.75,1.0,0.002625106144900157,0.11017755934263453,1.0,0,0,0,0.0,0.0,0.016134153999701084
