t_start,t_end,residual,err,iter_mean,iter_range,iter_max_index,iter_min_index,iter_std,iter_var,time_to_solution
0.0,0.125,0.0019193100313795498,0.002472322265960535,1.0,0,0,0,0.0,0.0,0.020194677999825217
0.125,0.25,0.0018948137796224276,0.006815799084504266,1.0,0,0,0,0.0,0.0,0.016463621000184503
0.25,0.375,0.0018423158612861875,0.011834304282694327,1.0,0,0,0,0.0,0.0,0.01603113700002723
0.375,0.5,0.0017614252198542102,0.017460226586171534,1.0,0,0,0,0.0,0.0,0.015729978999843297
0.5,0.625,0.001653157627026033,0.02393458332068093,1.0,0,0,0,0.0,0.0,0.01603827500002808
0.625,0.75,0.001519159441695948,0.03170427693866012,1.0,0,0,0,0.0,0.0,0.021214497000073607
0.75,0.875,0.0013615262487498433,0.04153521764499336,1.0,0,0,0,0.0,0.0,0.016641049000099883
0.875,1.0,0.0011827426949615057,0.054848742701815584,1.0,0,0,0,0.0,0.0,0.02313760199922399
