t_start,t_end,residual,err,iter_mean,iter_range,iter_max_index,iter_min_index,iter_std,iter_var,time_to_solution
0.0,0.25,0.004915809924087746,2.0637604561127033e-05,1.0,0,0,0,0.0,0.0,0.020094155999686336
0.25,0.5,0.004918365296128289,4.8662804586596955e-05,1.0,0,0,0,0.0,0.0,0.01820695600054023
0.5,0.75,0.004920792977812158,7.562373408576626e-05,1.0,0,0,0,0.0,0.0,0.015977688000020862
0.75,1.0,0.0049232157832935245,9.757545565784583e-05,1.0,0,0,0,0.0,0.0,0.01565828699949634
