timesteps,final_residual,final_error
4,2.215896381028143e-15,0.1088958289488904
8,1.2260229019663143e-15,0.06480129336712515
16,6.256350548700167e-16,0.035231313586574296
32,2.788830133153652e-16,0.01833773129985906
64,1.543155743285967e-16,0.009349714323322638
128,6.411081874118168e-17,0.0047200009464408626
256,3.4923112674761006e-17,0.0023712704193191766
512,2.040735404313043e-17,0.0011884502108391998
