timesteps,final_residual,final_error
4,2.0622352537425607e-15,0.0782854547032625
8,1.1556179415507242e-15,0.04543931337700306
16,6.17321652443288e-16,0.024456150106930318
32,2.8221521967477434e-16,0.0126800199790828
64,1.5056107460595486e-16,0.006454989499441381
128,6.363017053417189e-17,0.003256471206866457
256,3.450385844013017e-17,0.0016355074674807976
512,1.9837357911008658e-17,0.0008195750903343563
