t_start,t_end,residual,err,iter_mean,iter_range,iter_max_index,iter_min_index,iter_std,iter_var,time_to_solution
0.0,0.125,1.0858133005144093e-13,1.0553029898901197e-11,1.0,0,0,0,0.0,0.0,0.05774131500220392
0.125,0.25,5.464776531780146e-13,1.5211987409732246e-09,9.0,0,0,0,0.0,0.0,0.4178279449988622
0.25,0.375,2.1730352294570453e-12,1.6106009345336843e-08,10.0,0,0,0,0.0,0.0,0.46484602599957725
0.375,0.5,1.1400732673559616e-11,8.024068853047928e-08,10.0,0,0,0,0.0,0.0,0.4682087449982646
0.5,0.625,3.956316539229407e-11,2.698507279051061e-07,10.0,0,0,0,0.0,0.0,0.4795159910026996
0.625,0.75,1.0710718769992264e-10,7.046923907837195e-07,10.0,0,0,0,0.0,0.0,0.47223646299971733
0.75,0.875,2.4570483221125214e-10,1.4772448400552785e-06,10.0,0,0,0,0.0,0.0,0.4650923019980837
0.875,1.0,5.007299976568812e-10,2.324987641590206e-06,10.0,0,0,0,0.0,0.0,0.4839581630003522
