t_start,t_end,residual,err,iter_mean,iter_range,iter_max_index,iter_min_index,iter_std,iter_var,time_to_solution
0.0,0.25,2.1350079455530005e-12,3.206133218589202e-07,10.0,0,0,0,0.0,0.0,1.9559096740013047
0.25,0.5,2.7425819779491644e-10,2.6532420955916168e-05,10.0,0,0,0,0.0,0.0,1.7955502760014497
0.5,0.75,3.277232002633828e-09,0.00012550665227723293,10.0,0,0,0,0.0,0.0,2.0013326729986147
0.75,1.0,1.719523794135657e-08,0.00013516401071660478,10.0,0,0,0,0.0,0.0,2.5682429660009802
