t_start,t_end,residual,err,iter_mean,iter_range,iter_max_index,iter_min_index,iter_std,iter_var,time_to_solution
0.0,0.125,1.288693809067599e-12,5.01859224030866e-10,5.0,0,0,0,0.0,0.0,0.23615248600026462
0.125,0.25,2.6821156357598605e-11,7.836828531587295e-09,5.0,0,0,0,0.0,0.0,0.22226529999988998
0.25,0.375,1.1968014326642007e-10,3.286210521483172e-08,5.0,0,0,0,0.0,0.0,0.23778872899993075
0.375,0.5,3.234242881545819e-10,8.643501141701889e-08,5.0,0,0,0,0.0,0.0,0.2265577480002321
0.5,0.625,6.81605285325432e-10,1.7829344487646942e-07,5.0,0,0,0,0.0,0.0,0.21655158500016114
0.625,0.75,1.237775800449518e-09,3.116301370110677e-07,5.0,0,0,0,0.0,0.0,0.2261160710004333
0.75,0.875,2.0354887020694694e-09,4.653237762536726e-07,5.0,0,0,0,0.0,0.0,0.21320215400010056
0.875,1.0,3.1182969463421082e-09,5.69577688314728e-07,5.0,0,0,0,0.0,0.0,0.21831498099982127
