t_start,t_end,residual,err,iter_mean,iter_range,iter_max_index,iter_min_index,iter_std,iter_var,time_to_solution
0.0,0.25,1.779182727012043e-12,2.4429996132114445e-08,10.0,0,0,0,0.0,0.0,0.469302849000087
0.25,0.5,2.2854844036463908e-10,1.8849054918062412e-06,10.0,0,0,0,0.0,0.0,0.47768052599712973
0.5,0.75,2.731026647122308e-09,1.9225728617197663e-05,10.0,0,0,0,0.0,0.0,0.4714362400009122
0.75,1.0,1.4329364951502046e-08,6.851456343935661e-05,10.0,0,0,0,0.0,0.0,0.4803169129991147
