t_start,t_end,residual,err,iter_mean,iter_range,iter_max_index,iter_min_index,iter_std,iter_var,time_to_solution
0.0,0.25,4.0701400121477207e-10,1.5819107610237338e-07,5.0,0,0,0,0.0,0.0,0.24198609700033558
0.25,0.5,8.471348721834511e-09,2.386806728550414e-06,5.0,0,0,0,0.0,0.0,0.2269076170000517
0.5,0.75,3.779128631655012e-08,9.547032984163115e-06,5.0,0,0,0,0.0,0.0,0.22051137900007234
0.75,1.0,1.0210851377922932e-07,1.834920561367376e-05,5.0,0,0,0,0.0,0.0,0.2213196100001369
