t_start,t_end,residual,err,iter_mean,iter_range,iter_max_index,iter_min_index,iter_std,iter_var,time_to_solution
0.0,0.25,0.00815530383363488,1.4791552551653368e-13,1.0,0,0,0,0.0,0.0,0.05733334199976525
0.25,0.5,0.008155303833636551,1.6238091198622984e-13,1.0,0,0,0,0.0,0.0,0.055022724000082235
0.5,0.75,0.008155303833637077,1.6609474417683596e-13,1.0,0,0,0,0.0,0.0,0.051938353999503306
0.75,1.0,0.008155303833637518,1.6899842175448716e-13,1.0,0,0,0,0.0,0.0,0.05401211899879854
