t_start,t_end,residual,err,iter_mean,iter_range,iter_max_index,iter_min_index,iter_std,iter_var,time_to_solution
0.0,0.125,0.004077651916817178,8.827762401740899e-14,1.0,0,0,0,0.0,0.0,0.056416882000121404
0.125,0.25,0.004077651916817805,1.1442382203537218e-13,1.0,0,0,0,0.0,0.0,0.05057346799912921
0.25,0.375,0.004077651916818049,1.2022622002840062e-13,1.0,0,0,0,0.0,0.0,0.05331882099926588
0.375,0.5,0.004077651916818178,1.2299397284197967e-13,1.0,0,0,0,0.0,0.0,0.049132808000649675
0.5,0.625,0.004077651916818291,1.2489413793757107e-13,1.0,0,0,0,0.0,0.0,0.047932837000189465
0.625,0.75,0.004077651916818405,1.2622249857527108e-13,1.0,0,0,0,0.0,0.0,0.051432104999548756
0.75,0.875,0.004077651916818487,1.2629341317197066e-13,1.0,0,0,0,0.0,0.0,0.0475617650008644
0.875,1.0,0.004077651916818591,1.2702139437076244e-13,1.0,0,0,0,0.0,0.0,0.04974382199907268
