t_start,t_end,residual,err,iter_mean,iter_range,iter_max_index,iter_min_index,iter_std,iter_var,time_to_solution
0.0,0.25,1.8437532511948567e-10,5.047329012627626e-06,5.0,0,0,0,0.0,0.0,0.11242361299991899
0.25,0.5,1.5074814897845955e-08,0.0003504185182839478,5.0,0,0,0,0.0,0.0,0.10233484500031409
0.5,0.75,1.6187472234678046e-07,0.003388040211651776,5.0,0,0,0,0.0,0.0,0.10008427100001427
0.75,1.0,8.06784386683546e-07,0.012041361160389343,5.0,0,0,0,0.0,0.0,0.12026281599992217
