t_start,t_end,residual,err,iter_mean,iter_range,iter_max_index,iter_min_index,iter_std,iter_var,time_to_solution
0.0,0.125,8.582421618369066e-13,2.903939750481505e-09,2.0,0,0,0,0.0,0.0,0.39983623000080115
0.125,0.25,3.455418849229815e-13,1.0586769830334508e-06,7.0,0,0,0,0.0,0.0,1.0503611650001403
0.25,0.375,6.287480448130104e-13,2.576063708020122e-05,9.0,0,0,0,0.0,0.0,1.4572487859986722
0.375,0.5,1.5548463776106653e-12,0.0002196580749107036,10.0,0,0,0,0.0,0.0,1.6151364950001152
0.5,0.625,8.517226329393149e-12,0.0009890079416094023,10.0,0,0,0,0.0,0.0,1.1559596690003673
0.625,0.75,3.343114428623747e-11,0.0027758094864312305,10.0,0,0,0,0.0,0.0,1.531847090998781
0.75,0.875,1.0486455123751117e-10,0.005383369616276376,10.0,0,0,0,0.0,0.0,2.062072844000795
0.875,1.0,2.800102368440462e-10,0.007734073569685817,10.0,0,0,0,0.0,0.0,0.8619641629993566
