t_start,t_end,residual,err,iter_mean,iter_range,iter_max_index,iter_min_index,iter_std,iter_var,time_to_solution
0.0,0.25,2.632926799628644e-13,4.415814225377347e-07,8.0,0,0,0,0.0,0.0,0.15702583200254594
0.25,0.5,6.4728768258640244e-12,0.00014160376875753492,10.0,0,0,0,0.0,0.0,0.18570615899807308
0.5,0.75,1.72539805058741e-10,0.0033942450431373697,10.0,0,0,0,0.0,0.0,0.20129756599999382
0.75,1.0,1.6262799368333409e-09,0.02209984704009937,10.0,0,0,0,0.0,0.0,0.195143418997759
