t_start,t_end,residual,err,iter_mean,iter_range,iter_max_index,iter_min_index,iter_std,iter_var,time_to_solution
0.0,0.25,3.1592085237064104e-13,2.26347389038821e-06,8.0,0,0,0,0.0,0.0,0.7860797590001312
0.25,0.5,7.767432511294866e-12,0.0007114255147999447,10.0,0,0,0,0.0,0.0,1.3514846010002657
0.5,0.75,2.0704774320802754e-10,0.012076963468730825,10.0,0,0,0,0.0,0.0,1.6013565200009907
0.75,1.0,1.951535877547557e-09,0.04052384814960313,10.0,0,0,0,0.0,0.0,1.0537147790000745
