t_start,t_end,residual,err,iter_mean,iter_range,iter_max_index,iter_min_index,iter_std,iter_var,time_to_solution
0.0,0.125,5.518956925659961e-13,2.425973024381088e-08,5.0,0,0,0,0.0,0.0,0.1008176039999853
0.125,0.25,4.5477471215615175e-11,1.5833135392131768e-06,5.0,0,0,0,0.0,0.0,0.10463627300032385
0.25,0.375,4.909832349841341e-10,1.5530470972936834e-05,5.0,0,0,0,0.0,0.0,0.11694958099997166
0.375,0.5,2.456827269669476e-09,7.498096135914227e-05,5.0,0,0,0,0.0,0.0,0.12126032400010445
0.5,0.625,8.285898075275242e-09,0.0002478425074204459,5.0,0,0,0,0.0,0.0,0.12978086100019937
0.625,0.75,2.200262889405733e-08,0.0006363975040995219,5.0,0,0,0,0.0,0.0,0.11609344099997543
0.75,0.875,4.977151970445418e-08,0.0013144014987546168,5.0,0,0,0,0.0,0.0,0.11561577200018291
0.875,1.0,1.0035567154865818e-07,0.0021292622795750517,5.0,0,0,0,0.0,0.0,0.1065293839997139
