t_start,t_end,residual,err,iter_mean,iter_range,iter_max_index,iter_min_index,iter_std,iter_var,time_to_solution
0.0,0.125,7.151849451443481e-13,4.923357601624589e-10,2.0,0,0,0,0.0,0.0,0.043103383999550715
0.125,0.25,2.879292035751782e-13,1.6353511417355361e-07,7.0,0,0,0,0.0,0.0,0.1446042759998818
0.25,0.375,5.239483856283061e-13,3.878363567737774e-06,9.0,0,0,0,0.0,0.0,0.17451664099644404
0.375,0.5,1.2957137047698153e-12,3.458574624789113e-05,10.0,0,0,0,0.0,0.0,0.18380121999871335
0.5,0.625,7.0976626057154026e-12,0.00018364291116398763,10.0,0,0,0,0.0,0.0,0.1824312419994385
0.625,0.75,2.7859279264605028e-11,0.0006980796776109094,10.0,0,0,0,0.0,0.0,0.18554012199820136
0.75,0.875,8.738713068377997e-11,0.002012084254635539,10.0,0,0,0,0.0,0.0,0.1835017439989315
0.875,1.0,2.3334186979212036e-10,0.0041741641861408494,10.0,0,0,0,0.0,0.0,0.18603909599914914
