timesteps,final_residual,final_error
4,2.584747705934548e-15,1.1015790234891808e-13
8,1.4190007390170762e-15,1.683277290474407e-13
16,5.798216431937779e-16,1.397510511278246e-13
32,3.7829992531279934e-16,1.0415256377113577e-13
64,1.8143017048623487e-16,1.1953504447856195e-13
128,7.488198521764379e-17,1.3400590132199833e-13
256,3.7401214048130644e-17,1.2960033770686201e-13
512,2.0416971728770617e-17,1.480277118597124e-13
