timesteps,final_residual,final_error
4,1.6262799368333409e-09,0.02209984704009937
8,2.3334186979212036e-10,0.0041741641861408494
16,2.9100616077178464e-11,0.0006333408457768802
32,3.0957093306972686e-12,8.812577910850238e-05
64,3.262400888191733e-13,1.1802111828537243e-05
128,5.087511104631224e-13,1.5474440327727148e-06
256,7.750073076420044e-13,2.001220550274623e-07
512,2.8813979062482587e-13,2.5633083260550122e-08
