timesteps,final_residual,final_error
4,8.06784386683546e-07,0.012041361160389343
8,1.0035567154865818e-07,0.0021292622795750517
16,1.1705785694225744e-08,0.00031646469021958957
32,1.2516276370121963e-09,4.371418174852634e-05
64,1.3025973013014388e-10,5.832043601170028e-06
128,1.3534043177867318e-11,7.626335477029931e-07
256,1.3851077694405182e-12,9.842413587892379e-08
512,1.3460402777280734e-13,1.2587095944612366e-08
