t_start,t_end,residual,err,iter_mean,iter_range,iter_max_index,iter_min_index,iter_std,iter_var,time_to_solution
0.0,0.125,8.114697085651695e-16,1.3143144737836782e-09,1.0,0,0,0,0.0,0.0,0.014423040000110632
0.125,0.25,8.169219311702671e-16,5.988327892901673e-07,1.0,0,0,0,0.0,0.0,0.01063585700103431
0.25,0.375,7.843654072818642e-16,2.0501482798780124e-05,1.0,0,0,0,0.0,0.0,0.010300339999957941
0.375,0.5,7.750919531270644e-16,0.0002461357800264613,1.0,0,0,0,0.0,0.0,0.01005253699986497
0.5,0.625,8.062903958862215e-16,0.0016683755248067024,1.0,0,0,0,0.0,0.0,0.01141516200004844
0.625,0.75,8.246328674910957e-16,0.007787806048956064,1.0,0,0,0,0.0,0.0,0.010611510999297025
0.75,0.875,9.065938057111967e-16,0.026776452293036143,1.0,0,0,0,0.0,0.0,0.010538950999034569
0.875,1.0,1.2260229019663143e-15,0.06480129336712515,1.0,0,0,0,0.0,0.0,0.011938244999328163
