t_start,t_end,residual,err,iter_mean,iter_range,iter_max_index,iter_min_index,iter_std,iter_var,time_to_solution
0.0,0.25,1.820879458569687e-15,3.7458317753641093e-06,1.0,0,0,0,0.0,0.0,0.06348520300161908
0.25,0.5,1.7484264153922429e-15,0.0016474537210563434,1.0,0,0,0,0.0,0.0,0.026667201000236673
0.5,0.75,1.882766409964298e-15,0.04150899905668885,1.0,0,0,0,0.0,0.0,0.03690600300069491
0.75,1.0,2.9194392215338356e-15,0.19782025257690827,1.0,0,0,0,0.0,0.0,0.0357481020000705
