t_start,t_end,residual,err,iter_mean,iter_range,iter_max_index,iter_min_index,iter_std,iter_var,time_to_solution
0.0,0.25,1.4813106643806033e-15,8.343137054682955e-07,1.0,0,0,0,0.0,0.0,0.016395800001191674
0.25,0.5,1.3897527185112028e-15,0.0003798549559554824,1.0,0,0,0,0.0,0.0,0.011021328002243536
0.5,0.75,1.4392289477865373e-15,0.01267980839926294,1.0,0,0,0,0.0,0.0,0.010253526001179125
0.75,1.0,2.215896381028143e-15,0.1088958289488904,1.0,0,0,0,0.0,0.0,0.010865909000131069
