t_start,t_end,residual,err,iter_mean,iter_range,iter_max_index,iter_min_index,iter_std,iter_var,time_to_solution
0.0,0.25,1.353973692447069e-15,1.038251386161077e-05,5.0,0,0,0,0.0,0.0,0.05175632200007385
0.25,0.5,1.3594659635105968e-15,0.001141365708075759,5.0,0,0,0,0.0,0.0,0.04333683999993809
0.5,0.75,1.437203114789574e-15,0.01623585126292629,5.0,0,0,0,0.0,0.0,0.04301322199989954
0.75,1.0,2.0622352537425607e-15,0.0782854547032625,5.0,0,0,0,0.0,0.0,0.04252639600008479
