t_start,t_end,residual,err,iter_mean,iter_range,iter_max_index,iter_min_index,iter_std,iter_var,time_to_solution
0.0,0.125,8.069497441799712e-16,6.542593916549879e-08,1.0,0,0,0,0.0,0.0,0.018048352999812778
0.125,0.25,7.988803490823598e-16,7.212685980587854e-06,1.0,0,0,0,0.0,0.0,0.011396564000278886
0.25,0.375,7.97338425896004e-16,0.00010736159746811325,1.0,0,0,0,0.0,0.0,0.010502625999833981
0.375,0.5,7.959501024999868e-16,0.0007141877173219737,1.0,0,0,0,0.0,0.0,0.009848815000168543
0.5,0.625,8.502066422262872e-16,0.003051483999789581,1.0,0,0,0,0.0,0.0,0.009688039999673492
0.625,0.75,8.347658121120279e-16,0.009691905917133382,1.0,0,0,0,0.0,0.0,0.01236598800005595
0.75,0.875,9.010268907890661e-16,0.023982478758488805,1.0,0,0,0,0.0,0.0,0.010747859999810316
0.875,1.0,1.1556179415507242e-15,0.04543931337700306,5.0,0,0,0,0.0,0.0,0.04363239499980409
