t_start,t_end,residual,err,iter_mean,iter_range,iter_max_index,iter_min_index,iter_std,iter_var,time_to_solution
0.0,0.125,1.1025869129859953e-15,6.242042180700309e-09,1.0,0,0,0,0.0,0.0,0.04534490200057917
0.125,0.25,1.1065586004308068e-15,2.8426341917067712e-06,1.0,0,0,0,0.0,0.0,0.034835302001738455
0.25,0.375,1.0613626848579412e-15,9.634769276242378e-05,1.0,0,0,0,0.0,0.0,0.0374451030002092
0.375,0.5,1.0992817201429334e-15,0.0011134757213134218,1.0,0,0,0,0.0,0.0,0.03528350200031127
0.5,0.625,1.1156234140953209e-15,0.006797029047544921,1.0,0,0,0,0.0,0.0,0.03496520200133091
0.625,0.75,1.106250102820847e-15,0.025888826190065543,1.0,0,0,0,0.0,0.0,0.035812801999782096
0.75,0.875,1.2356572828134769e-15,0.06615016724871431,1.0,0,0,0,0.0,0.0,0.03417400100079249
0.875,1.0,1.5747433575120098e-15,0.11785687748849531,1.0,0,0,0,0.0,0.0,0.035171902000001865
