t_start,t_end,residual,err,iter_mean,iter_range,iter_max_index,iter_min_index,iter_std,iter_var,time_to_solution
0.0,0.25,0.0037048318601703915,0.00534987714271063,1.0,0,0,0,0.0,0.0,0.010733637000157614
0.25,0.5,0.0033518267996105813,0.0064724053601281535,1.0,0,0,0,0.0,0.0,0.008718119000150182
0.5,0.75,0.002793248565951189,0.006953728741040993,1.0,0,0,0,0.0,0.0,0.008077740000771882
0.75,1.0,0.002061476054646733,0.007506158371197907,1.0,0,0,0,0.0,0.0,0.007308623999961128
