t_start,t_end,residual,err,iter_mean,iter_range,iter_max_index,iter_min_index,iter_std,iter_var,time_to_solution
0.0,0.125,0.001902822831039706,0.0022619847643476597,1.0,0,0,0,0.0,0.0,0.008330492999448325
0.125,0.25,0.0018569000141106962,0.0029421851185082283,1.0,0,0,0,0.0,0.0,0.009154658000625204
0.25,0.375,0.0017828893747234367,0.0031706708300827747,1.0,0,0,0,0.0,0.0,0.008160775000760623
0.375,0.5,0.0016813136080548123,0.0032710138594402877,1.0,0,0,0,0.0,0.0,0.007480485000087356
0.5,0.625,0.0015535754119179014,0.0033387351142996104,1.0,0,0,0,0.0,0.0,0.00796422499934124
0.625,0.75,0.0014016155059121398,0.0034048039715163566,1.0,0,0,0,0.0,0.0,0.007352923000325973
0.75,0.875,0.0012277900059246242,0.0034834023168619794,1.0,0,0,0,0.0,0.0,0.007292575000064971
0.875,1.0,0.001034807026396433,0.003588134790663931,1.0,0,0,0,0.0,0.0,0.007652514999790583
