timesteps,final_residual,final_error
4,3.5844863579961943e-16,1.1923756600387744e-13
8,1.9038864528226182e-16,1.380181730716553e-13
16,9.537079405889848e-17,1.2607162052868302e-13
32,5.082663165292228e-17,1.2621488123205809e-13
64,2.7261173609360266e-17,1.2506015588515104e-13
128,1.2652251954871165e-17,1.2524022141131322e-13
256,7.762255417584842e-18,1.2667778083816844e-13
512,4.313716030393309e-18,1.2597356243437675e-13
