timesteps,final_residual,final_error
4,8.605887525939386e-13,3.460345521905671e-12
8,1.4772573046647759e-15,1.349399454475875e-13
16,9.424876237236979e-17,1.2354442478173489e-13
32,5.0172732251905697e-17,1.2289427930893612e-13
64,2.7397141083367095e-17,1.2363350618668694e-13
128,1.2326254501858521e-17,1.2499364328448683e-13
256,8.62338096419644e-18,1.310654633529767e-13
512,4.285784219051925e-18,1.4308113801243623e-13
