t_start,t_end,residual,err,iter_mean,iter_range,iter_max_index,iter_min_index,iter_std,iter_var,time_to_solution
0.0,0.125,0.0019174939235534298,0.0003082787728857423,2.0,0,0,0,0.0,0.0,0.062852725999619
0.125,0.25,0.0018884194632161672,0.0006328463939846,2.0,0,0,0,0.0,0.0,0.04722131200014701
0.25,0.375,0.0018298817716812812,0.0009795010588158788,2.0,0,0,0,0.0,0.0,0.047086431000025186
0.375,0.5,0.0017427903003344445,0.0013622836459800279,2.0,0,0,0,0.0,0.0,0.04926668999996764
0.5,0.625,0.0016285038087307062,0.0018014973102297251,2.0,0,0,0,0.0,0.0,0.046946729000410414
0.625,0.75,0.0014888058078094625,0.002328287683968138,2.0,0,0,0,0.0,0.0,0.0476313660001324
0.75,0.875,0.0013258764698596457,0.0029947615256732812,2.0,0,0,0,0.0,0.0,0.046383205999518395
0.875,1.0,0.0011422586694122576,0.0038973146340898278,2.0,0,0,0,0.0,0.0,0.0437249079996036
