t_start,t_end,residual,err,iter_mean,iter_range,iter_max_index,iter_min_index,iter_std,iter_var,time_to_solution
0.0,0.25,0.0038089817731521,0.0015765277045287657,2.0,0,0,0,0.0,0.0,0.05343119500048488
0.25,0.5,0.0035808744643612725,0.0023886137221288684,2.0,0,0,0,0.0,0.0,0.057203420999940136
0.5,0.75,0.0031294473975443508,0.0034811235592829273,2.0,0,0,0,0.0,0.0,0.04548499799966521
0.75,1.0,0.002483495029427715,0.0052552890531157755,2.0,0,0,0,0.0,0.0,0.04431379299967375
