t_start,t_end,residual,err,iter_mean,iter_range,iter_max_index,iter_min_index,iter_std,iter_var,time_to_solution
0.0,0.25,0.00815530383363554,1.0920209484609185e-13,1.0,0,0,0,0.0,0.0,0.015540387001237832
0.25,0.5,0.008155303833636426,1.345124842766038e-13,1.0,0,0,0,0.0,0.0,0.011851544000819558
0.5,0.75,0.008155303833636923,1.4173079911663835e-13,1.0,0,0,0,0.0,0.0,0.010172353000598378
0.75,1.0,0.008155303833637354,1.444101363054084e-13,1.0,0,0,0,0.0,0.0,0.009945302999767591
