t_start,t_end,residual,err,iter_mean,iter_range,iter_max_index,iter_min_index,iter_std,iter_var,time_to_solution
0.0,0.125,0.004077651916816949,5.72661971938246e-14,1.0,0,0,0,0.0,0.0,0.012120581999624847
0.125,0.25,0.004077651916817246,7.822471672916056e-14,1.0,0,0,0,0.0,0.0,0.011018031000276096
0.25,0.375,0.004077651916817436,8.656205487360452e-14,1.0,0,0,0,0.0,0.0,0.009998104998885537
0.375,0.5,0.0040776519168175245,9.00917740095094e-14,1.0,0,0,0,0.0,0.0,0.009606716001144378
0.5,0.625,0.004077651916817596,9.195675203138402e-14,1.0,0,0,0,0.0,0.0,0.009593311999196885
0.625,0.75,0.0040776519168176555,9.297895799223451e-14,1.0,0,0,0,0.0,0.0,0.0096780719995877
0.75,0.875,0.004077651916817762,9.36030513892289e-14,1.0,0,0,0,0.0,0.0,0.009887309999612626
0.875,1.0,0.004077651916817822,9.426304994314922e-14,1.0,0,0,0,0.0,0.0,0.009903721998853143
