t_start,t_end,residual,err,iter_mean,iter_range,iter_max_index,iter_min_index,iter_std,iter_var,time_to_solution
0.0,0.25,1.2247925849644556e-13,7.820225983932342e-13,1.0,0,0,0,0.0,0.0,0.13910900599876186
0.25,0.5,3.6964236315764885e-13,2.1567737128246963e-12,1.0,0,0,0,0.0,0.0,0.14052832899687928
0.5,0.75,6.151163014631902e-13,3.4630199462882252e-12,1.0,0,0,0,0.0,0.0,0.13849960199877387
0.75,1.0,8.605887525939386e-13,3.460345521905671e-12,1.0,0,0,0,0.0,0.0,0.13418594100221526
