t_start,t_end,residual,err,iter_mean,iter_range,iter_max_index,iter_min_index,iter_std,iter_var,time_to_solution
0.0,0.125,1.8543017629927102e-16,1.1236693735603582e-13,1.0,0,0,0,0.0,0.0,0.1451850469998135
0.125,0.25,1.506045881039682e-16,1.3680401616681512e-13,1.0,0,0,0,0.0,0.0,0.13500703099998645
0.25,0.375,1.5433523915040112e-16,1.4205417472335226e-13,1.0,0,0,0,0.0,0.0,0.13299470200036012
0.375,0.5,1.483365056907862e-16,1.4353295201755734e-13,1.0,0,0,0,0.0,0.0,0.12597200900017924
0.5,0.625,1.5803401231020713e-16,1.4370500933844805e-13,1.0,0,0,0,0.0,0.0,0.1552353479996782
0.625,0.75,1.5522026930533736e-16,1.4284383518123401e-13,1.0,0,0,0,0.0,0.0,0.14010321900013878
0.75,0.875,1.5728460236696936e-16,1.4178025877272724e-13,1.0,0,0,0,0.0,0.0,0.13440115999992486
0.875,1.0,1.9038864528226182e-16,1.380181730716553e-13,1.0,0,0,0,0.0,0.0,0.13188878299979478
