t_start,t_end,residual,err,iter_mean,iter_range,iter_max_index,iter_min_index,iter_std,iter_var,time_to_solution
0.0,0.25,2.7738421864721173e-16,1.1577895121050884e-13,1.0,0,0,0,0.0,0.0,0.14552854600015053
0.25,0.5,3.2122131714922307e-16,1.232861663511409e-13,1.0,0,0,0,0.0,0.0,0.13929512899994734
0.5,0.75,3.1780556684201964e-16,1.2095893958699795e-13,1.0,0,0,0,0.0,0.0,0.13699880500007566
0.75,1.0,3.5844863579961943e-16,1.1923756600387744e-13,1.0,0,0,0,0.0,0.0,0.1281280869998227
