t_start,t_end,residual,err,iter_mean,iter_range,iter_max_index,iter_min_index,iter_std,iter_var,time_to_solution
0.0,0.25,5.331074773836608e-09,2.2844168165361106e-06,5.0,0,0,0,0.0,0.0,0.602868676003709
0.25,0.5,1.5661830912708547e-08,2.600988239915296e-06,5.0,0,0,0,0.0,0.0,0.6186896799990791
0.5,0.75,2.632636834353358e-08,3.042852958043396e-06,5.0,0,0,0,0.0,0.0,0.578829133999534
0.75,1.0,3.535408990664743e-08,3.8038947983031007e-06,5.0,0,0,0,0.0,0.0,0.5863855019997573
