t_start,t_end,residual,err,iter_mean,iter_range,iter_max_index,iter_min_index,iter_std,iter_var,time_to_solution
0.0,0.25,2.0205377578783246e-16,1.3015543893554019e-13,1.0,0,0,0,0.0,0.0,0.39336335600091843
0.25,0.5,1.6736134086759502e-16,1.364057575621465e-13,1.0,0,0,0,0.0,0.0,0.39700298000025214
0.5,0.75,1.5954377825805336e-16,1.3594383405978362e-13,1.0,0,0,0,0.0,0.0,0.3990717019987642
0.75,1.0,1.6826594309405975e-16,1.283477618498686e-13,1.0,0,0,0,0.0,0.0,0.39037484200162
