t_start,t_end,residual,err,iter_mean,iter_range,iter_max_index,iter_min_index,iter_std,iter_var,time_to_solution
0.0,0.125,0.001918181805610001,0.0012722366028542556,1.0,0,0,0,0.0,0.0,0.04415172199969675
0.125,0.25,0.0018916541226399555,0.0034493662391915396,1.0,0,0,0,0.0,0.0,0.0405016840004464
0.25,0.375,0.0018363325358375976,0.00591071401206244,1.0,0,0,0,0.0,0.0,0.041685691000566294
0.375,0.5,0.001752479276338371,0.008651272224610033,1.0,0,0,0,0.0,0.0,0.04719888099953096
0.5,0.625,0.001641311130742026,0.011799696919278258,1.0,0,0,0,0.0,0.0,0.04058835200066824
0.625,0.75,0.0015045515149708852,0.015576564162318788,1.0,0,0,0,0.0,0.0,0.039833974999964994
0.75,0.875,0.001344337702257309,0.020355021418677937,1.0,0,0,0,0.0,0.0,0.0393340350001381
0.875,1.0,0.001163179045438044,0.026826131709561,1.0,0,0,0,0.0,0.0,0.04001050999977451
