t_start,t_end,residual,err,iter_mean,iter_range,iter_max_index,iter_min_index,iter_std,iter_var,time_to_solution
0.0,0.25,0.003815375521746551,0.006110360397495282,1.0,0,0,0,0.0,0.0,0.047698198999569286
0.25,0.5,0.003608899043965949,0.015990082310730677,1.0,0,0,0,0.0,0.0,0.03785338099987712
0.5,0.75,0.0031813046830355607,0.029233478986244947,1.0,0,0,0,0.0,0.0,0.03736291600034747
0.75,1.0,0.002556672691454472,0.050753956519844,1.0,0,0,0,0.0,0.0,0.03699272599988035
