t_start,t_end,residual,err,iter_mean,iter_range,iter_max_index,iter_min_index,iter_std,iter_var,time_to_solution
0.0,0.25,3.6305241910159083e-16,0.005349877137912176,1.0,0,0,0,0.0,0.0,0.015353740003774874
0.25,0.5,3.0732367476799513e-16,0.006472405355412817,1.0,0,0,0,0.0,0.0,0.012500517004809808
0.5,0.75,2.747203013128002e-16,0.006953728736370682,1.0,0,0,0,0.0,0.0,0.01115233100426849
0.75,1.0,1.80906496117865e-16,0.0075061583665922815,1.0,0,0,0,0.0,0.0,0.011856573997647502
