t_start,t_end,residual,err,iter_mean,iter_range,iter_max_index,iter_min_index,iter_std,iter_var,time_to_solution
0.0,0.125,1.890218223347054e-16,0.002261984756152607,1.0,0,0,0,0.0,0.0,0.014164623004035093
0.125,0.25,1.985338658739513e-16,0.002942185111256177,1.0,0,0,0,0.0,0.0,0.011429120000684634
0.25,0.375,1.7808551293382905e-16,0.0031706708230231973,1.0,0,0,0,0.0,0.0,0.010524395998800173
0.375,0.5,1.7360061100418637e-16,0.003271013852458095,1.0,0,0,0,0.0,0.0,0.011133733998576645
0.5,0.625,1.532463702703858e-16,0.003338735107371936,1.0,0,0,0,0.0,0.0,0.01158925199706573
0.625,0.75,1.526765395189859e-16,0.0034048039646426076,1.0,0,0,0,0.0,0.0,0.01132774700090522
0.75,0.875,1.3199959926850479e-16,0.0034834023100498617,1.0,0,0,0,0.0,0.0,0.010750045999884605
0.875,1.0,1.0386822366110064e-16,0.003588134783927859,1.0,0,0,0,0.0,0.0,0.010826682999322657
