t_start,t_end,residual,err,iter_mean,iter_range,iter_max_index,iter_min_index,iter_std,iter_var,time_to_solution
0.0,0.25,0.003810407739189572,0.0030397488455349148,1.0,0,0,0,0.0,0.0,0.12553213099999994
0.25,0.5,0.003589811472135318,0.007842796861097581,1.0,0,0,0,0.0,0.0,0.11003554099988833
0.5,0.75,0.0031472799574009717,0.014242688052758128,1.0,0,0,0,0.0,0.0,0.10897019299954991
0.75,1.0,0.0025092716718360464,0.024638994418060264,1.0,0,0,0,0.0,0.0,0.10570402600023954
