t_start,t_end,residual,err,iter_mean,iter_range,iter_max_index,iter_min_index,iter_std,iter_var,time_to_solution
0.0,0.125,0.0019176955383888496,0.0006522287299269259,1.0,0,0,0,0.0,0.0,0.11987339000006614
0.125,0.25,0.0018895825434364628,0.0017650003021012382,1.0,0,0,0,0.0,0.0,0.1085608269995646
0.25,0.375,0.0018323246601119091,0.0030076771388063634,1.0,0,0,0,0.0,0.0,0.10487486100009846
0.375,0.5,0.0017465188969933835,0.0043869771111458445,1.0,0,0,0,0.0,0.0,0.10529204999966169
0.5,0.625,0.0016334683706257928,0.005970568853883306,1.0,0,0,0,0.0,0.0,0.11002943699986645
0.625,0.75,0.0014949336341460806,0.007870049464294001,1.0,0,0,0,0.0,0.0,0.13231810500019492
0.75,0.875,0.001333077446036389,0.010273213418592548,1.0,0,0,0,0.0,0.0,0.11611657499997818
0.875,1.0,0.0011504281427855104,0.013527631833035104,1.0,0,0,0,0.0,0.0,0.10664584799997101
