t_start,t_end,residual,err,iter_mean,iter_range,iter_max_index,iter_min_index,iter_std,iter_var,time_to_solution
0.0,0.125,0.004077651916817006,1.0989871636928566e-13,1.0,0,0,0,0.0,0.0,0.030324147001010715
0.125,0.25,0.004077651916817884,1.4377165925245345e-13,1.0,0,0,0,0.0,0.0,0.025988976000007824
0.25,0.375,0.004077651916818157,1.5471726862602402e-13,1.0,0,0,0,0.0,0.0,0.02062688800106116
0.375,0.5,0.004077651916818325,1.5913352169408904e-13,1.0,0,0,0,0.0,0.0,0.02051104500060319
0.5,0.625,0.004077651916818482,1.6091756587789436e-13,1.0,0,0,0,0.0,0.0,0.02259487999981502
0.625,0.75,0.00407765191681858,1.6271896682905076e-13,1.0,0,0,0,0.0,0.0,0.021240049998596078
0.75,0.875,0.004077651916818656,1.6309296551833557e-13,1.0,0,0,0,0.0,0.0,0.022253380999245564
0.875,1.0,0.004077651916818785,1.638643365083251e-13,1.0,0,0,0,0.0,0.0,0.021262594000290846
