t_start,t_end,residual,err,iter_mean,iter_range,iter_max_index,iter_min_index,iter_std,iter_var,time_to_solution
0.0,0.25,0.008155303833634796,1.0299577107161943e-13,1.0,0,0,0,0.0,0.0,0.028128597999966587
0.25,0.5,0.008155303833636109,1.2071765857367234e-13,1.0,0,0,0,0.0,0.0,0.021721566999985953
0.5,0.75,0.008155303833636642,1.2306880822974796e-13,1.0,0,0,0,0.0,0.0,0.0209797300012724
0.75,1.0,0.00815530383363703,1.2570659201898586e-13,1.0,0,0,0,0.0,0.0,0.02103411200005212
